{"cameraMode":{"drawMode":0,"name":"Shaded","section":"Shading Mode"},"sceneLighting":true,"audioPlay":false,"sceneViewState":{"showFog":true,"showMaterialUpdate":true,"showSkybox":true,"showFlares":true,"showImageEffects":true,"showParticleSystems":true},"in2DMode":false,"pivot":{"x":177.69894409179688,"y":104.37152099609375,"z":116.66531372070313},"rotation":{"x":0.10915756225585938,"y":0.3398609161376953,"z":-0.03969976678490639,"w":0.9333255290985107},"size":109.04277801513672,"orthographic":false}