{"cameraMode":{"drawMode":0,"name":"Shaded","section":"Shading Mode"},"sceneLighting":false,"audioPlay":false,"sceneViewState":{"showFog":true,"showMaterialUpdate":true,"showSkybox":false,"showFlares":true,"showImageEffects":true,"showParticleSystems":true},"in2DMode":false,"pivot":{"x":-1.6606636047363282,"y":68.99693298339844,"z":-7.919279098510742},"rotation":{"x":0.027807779610157014,"y":0.731510579586029,"z":-0.029855716973543168,"w":0.6806520819664002},"size":373.7242736816406,"orthographic":false}